instance_id,workload,workload_label,config,payload_size_bytes,encryption_algo,key_exchange_algo,hash_algo,throughput_mbs,latency_ms,key_ops_per_s,cpu_overhead_pct,memory_mb,pqc_hybrid,aead_mode,hsm_key_mgmt,automated_rotation
1,W1,W1 – Bulk Storage,Baseline,4194304,AES-128-CBC+HMAC,RSA-2048,SHA-256,1876.56,0.536,,19.0,209.5,False,False,False,False
2,W1,W1 – Bulk Storage,Baseline,4194304,AES-128-CBC+HMAC,RSA-2048,SHA-256,1822.77,0.591,,17.9,211.1,False,False,False,False
3,W1,W1 – Bulk Storage,Baseline,4194304,AES-128-CBC+HMAC,RSA-2048,SHA-256,1805.89,0.525,,17.2,206.4,False,False,False,False
4,W1,W1 – Bulk Storage,Baseline,4194304,AES-128-CBC+HMAC,RSA-2048,SHA-256,1798.62,0.507,,17.7,207.0,False,False,False,False
5,W1,W1 – Bulk Storage,Baseline,4194304,AES-128-CBC+HMAC,RSA-2048,SHA-256,1947.87,0.533,,17.4,208.9,False,False,False,False
6,W1,W1 – Bulk Storage,Baseline,4194304,AES-128-CBC+HMAC,RSA-2048,SHA-256,1848.16,0.503,,17.9,209.4,False,False,False,False
7,W1,W1 – Bulk Storage,Baseline,4194304,AES-128-CBC+HMAC,RSA-2048,SHA-256,1795.71,0.6,,17.6,211.7,False,False,False,False
8,W1,W1 – Bulk Storage,Baseline,4194304,AES-128-CBC+HMAC,RSA-2048,SHA-256,1750.15,0.547,,17.5,210.4,False,False,False,False
9,W1,W1 – Bulk Storage,Baseline,4194304,AES-128-CBC+HMAC,RSA-2048,SHA-256,1894.35,0.546,,18.0,206.9,False,False,False,False
10,W1,W1 – Bulk Storage,Baseline,4194304,AES-128-CBC+HMAC,RSA-2048,SHA-256,1787.02,0.525,,18.4,206.3,False,False,False,False
11,W1,W1 – Bulk Storage,Baseline,4194304,AES-128-CBC+HMAC,RSA-2048,SHA-256,1863.85,0.528,,18.5,212.2,False,False,False,False
12,W1,W1 – Bulk Storage,Baseline,4194304,AES-128-CBC+HMAC,RSA-2048,SHA-256,1908.54,0.513,,18.4,212.0,False,False,False,False
13,W1,W1 – Bulk Storage,Baseline,4194304,AES-128-CBC+HMAC,RSA-2048,SHA-256,1804.73,0.534,,17.5,211.7,False,False,False,False
14,W1,W1 – Bulk Storage,Baseline,4194304,AES-128-CBC+HMAC,RSA-2048,SHA-256,1939.82,0.538,,18.4,208.6,False,False,False,False
15,W1,W1 – Bulk Storage,Baseline,4194304,AES-128-CBC+HMAC,RSA-2048,SHA-256,1866.6,0.59,,19.1,204.5,False,False,False,False
16,W1,W1 – Bulk Storage,Baseline,4194304,AES-128-CBC+HMAC,RSA-2048,SHA-256,1900.49,0.543,,18.3,205.8,False,False,False,False
17,W1,W1 – Bulk Storage,Baseline,4194304,AES-128-CBC+HMAC,RSA-2048,SHA-256,1823.83,0.552,,17.9,208.3,False,False,False,False
18,W1,W1 – Bulk Storage,Baseline,4194304,AES-128-CBC+HMAC,RSA-2048,SHA-256,1803.07,0.57,,17.9,211.1,False,False,False,False
19,W1,W1 – Bulk Storage,Baseline,4194304,AES-128-CBC+HMAC,RSA-2048,SHA-256,1847.14,0.571,,18.0,209.2,False,False,False,False
20,W1,W1 – Bulk Storage,Baseline,4194304,AES-128-CBC+HMAC,RSA-2048,SHA-256,1732.29,0.55,,18.2,209.5,False,False,False,False
21,W1,W1 – Bulk Storage,Baseline,4194304,AES-128-CBC+HMAC,RSA-2048,SHA-256,1735.83,0.526,,17.8,209.7,False,False,False,False
22,W1,W1 – Bulk Storage,Baseline,4194304,AES-128-CBC+HMAC,RSA-2048,SHA-256,1869.74,0.601,,18.3,209.8,False,False,False,False
23,W1,W1 – Bulk Storage,Baseline,4194304,AES-128-CBC+HMAC,RSA-2048,SHA-256,1698.78,0.539,,19.5,209.6,False,False,False,False
24,W1,W1 – Bulk Storage,Baseline,4194304,AES-128-CBC+HMAC,RSA-2048,SHA-256,1862.19,0.539,,18.8,211.6,False,False,False,False
25,W1,W1 – Bulk Storage,Baseline,4194304,AES-128-CBC+HMAC,RSA-2048,SHA-256,1898.22,0.511,,17.4,211.2,False,False,False,False
26,W1,W1 – Bulk Storage,Baseline,4194304,AES-128-CBC+HMAC,RSA-2048,SHA-256,2001.22,0.508,,18.3,208.9,False,False,False,False
27,W1,W1 – Bulk Storage,Baseline,4194304,AES-128-CBC+HMAC,RSA-2048,SHA-256,1725.87,0.542,,18.5,208.1,False,False,False,False
28,W1,W1 – Bulk Storage,Baseline,4194304,AES-128-CBC+HMAC,RSA-2048,SHA-256,1954.08,0.515,,18.6,207.4,False,False,False,False
29,W1,W1 – Bulk Storage,Baseline,4194304,AES-128-CBC+HMAC,RSA-2048,SHA-256,1856.74,0.582,,18.3,210.5,False,False,False,False
30,W1,W1 – Bulk Storage,Baseline,4194304,AES-128-CBC+HMAC,RSA-2048,SHA-256,1897.54,0.5,,18.5,210.6,False,False,False,False
31,W1,W1 – Bulk Storage,Baseline,4194304,AES-128-CBC+HMAC,RSA-2048,SHA-256,1858.44,0.551,,18.3,210.6,False,False,False,False
32,W1,W1 – Bulk Storage,Baseline,4194304,AES-128-CBC+HMAC,RSA-2048,SHA-256,1787.42,0.6,,17.5,211.4,False,False,False,False
33,W1,W1 – Bulk Storage,Baseline,4194304,AES-128-CBC+HMAC,RSA-2048,SHA-256,1768.26,0.566,,17.8,212.0,False,False,False,False
34,W1,W1 – Bulk Storage,Baseline,4194304,AES-128-CBC+HMAC,RSA-2048,SHA-256,1870.38,0.567,,18.1,208.4,False,False,False,False
35,W1,W1 – Bulk Storage,Baseline,4194304,AES-128-CBC+HMAC,RSA-2048,SHA-256,1774.53,0.514,,18.4,210.6,False,False,False,False
36,W1,W1 – Bulk Storage,Baseline,4194304,AES-128-CBC+HMAC,RSA-2048,SHA-256,1900.88,0.54,,18.1,215.7,False,False,False,False
37,W1,W1 – Bulk Storage,Baseline,4194304,AES-128-CBC+HMAC,RSA-2048,SHA-256,1886.05,0.512,,18.5,209.5,False,False,False,False
38,W1,W1 – Bulk Storage,Baseline,4194304,AES-128-CBC+HMAC,RSA-2048,SHA-256,1892.55,0.555,,17.7,206.8,False,False,False,False
39,W1,W1 – Bulk Storage,Baseline,4194304,AES-128-CBC+HMAC,RSA-2048,SHA-256,1807.14,0.568,,17.5,210.4,False,False,False,False
40,W1,W1 – Bulk Storage,Baseline,4194304,AES-128-CBC+HMAC,RSA-2048,SHA-256,1868.36,0.511,,18.2,207.6,False,False,False,False
41,W1,W1 – Bulk Storage,Baseline,4194304,AES-128-CBC+HMAC,RSA-2048,SHA-256,1866.33,0.558,,18.8,207.1,False,False,False,False
42,W1,W1 – Bulk Storage,Baseline,4194304,AES-128-CBC+HMAC,RSA-2048,SHA-256,1770.98,0.557,,18.5,218.1,False,False,False,False
43,W1,W1 – Bulk Storage,Baseline,4194304,AES-128-CBC+HMAC,RSA-2048,SHA-256,1882.02,0.577,,18.6,209.3,False,False,False,False
44,W1,W1 – Bulk Storage,Baseline,4194304,AES-128-CBC+HMAC,RSA-2048,SHA-256,1895.86,0.515,,17.9,210.2,False,False,False,False
45,W1,W1 – Bulk Storage,Baseline,4194304,AES-128-CBC+HMAC,RSA-2048,SHA-256,2010.36,0.48,,17.3,209.0,False,False,False,False
46,W1,W1 – Bulk Storage,Baseline,4194304,AES-128-CBC+HMAC,RSA-2048,SHA-256,1920.15,0.542,,17.8,211.4,False,False,False,False
47,W1,W1 – Bulk Storage,Baseline,4194304,AES-128-CBC+HMAC,RSA-2048,SHA-256,1786.25,0.547,,17.8,214.5,False,False,False,False
48,W1,W1 – Bulk Storage,Baseline,4194304,AES-128-CBC+HMAC,RSA-2048,SHA-256,1886.66,0.474,,17.8,211.8,False,False,False,False
49,W1,W1 – Bulk Storage,Baseline,4194304,AES-128-CBC+HMAC,RSA-2048,SHA-256,1781.67,0.536,,18.7,207.5,False,False,False,False
50,W1,W1 – Bulk Storage,Baseline,4194304,AES-128-CBC+HMAC,RSA-2048,SHA-256,1815.38,0.525,,19.2,210.9,False,False,False,False
51,W1,W1 – Bulk Storage,Baseline,4194304,AES-128-CBC+HMAC,RSA-2048,SHA-256,1747.2,0.57,,18.8,206.8,False,False,False,False
52,W1,W1 – Bulk Storage,Baseline,4194304,AES-128-CBC+HMAC,RSA-2048,SHA-256,1804.36,0.581,,18.4,211.6,False,False,False,False
53,W1,W1 – Bulk Storage,Baseline,4194304,AES-128-CBC+HMAC,RSA-2048,SHA-256,1771.78,0.538,,17.6,209.5,False,False,False,False
54,W1,W1 – Bulk Storage,Baseline,4194304,AES-128-CBC+HMAC,RSA-2048,SHA-256,1748.16,0.593,,18.0,210.3,False,False,False,False
55,W1,W1 – Bulk Storage,Baseline,4194304,AES-128-CBC+HMAC,RSA-2048,SHA-256,1946.08,0.493,,18.2,207.9,False,False,False,False
56,W1,W1 – Bulk Storage,Baseline,4194304,AES-128-CBC+HMAC,RSA-2048,SHA-256,1874.01,0.546,,18.2,209.2,False,False,False,False
57,W1,W1 – Bulk Storage,Baseline,4194304,AES-128-CBC+HMAC,RSA-2048,SHA-256,1848.35,0.561,,17.5,214.5,False,False,False,False
58,W1,W1 – Bulk Storage,Baseline,4194304,AES-128-CBC+HMAC,RSA-2048,SHA-256,1696.33,0.535,,18.4,208.7,False,False,False,False
59,W1,W1 – Bulk Storage,Baseline,4194304,AES-128-CBC+HMAC,RSA-2048,SHA-256,1824.68,0.524,,18.7,210.7,False,False,False,False
60,W1,W1 – Bulk Storage,Baseline,4194304,AES-128-CBC+HMAC,RSA-2048,SHA-256,1789.0,0.569,,18.6,211.3,False,False,False,False
61,W1,W1 – Bulk Storage,Baseline,4194304,AES-128-CBC+HMAC,RSA-2048,SHA-256,1778.99,0.522,,18.5,210.0,False,False,False,False
62,W1,W1 – Bulk Storage,Baseline,4194304,AES-128-CBC+HMAC,RSA-2048,SHA-256,1848.64,0.581,,18.5,209.6,False,False,False,False
63,W1,W1 – Bulk Storage,Baseline,4194304,AES-128-CBC+HMAC,RSA-2048,SHA-256,1823.98,0.576,,18.6,212.7,False,False,False,False
64,W1,W1 – Bulk Storage,Baseline,4194304,AES-128-CBC+HMAC,RSA-2048,SHA-256,1841.55,0.562,,18.4,209.7,False,False,False,False
65,W1,W1 – Bulk Storage,Baseline,4194304,AES-128-CBC+HMAC,RSA-2048,SHA-256,1847.14,0.559,,19.3,207.9,False,False,False,False
66,W1,W1 – Bulk Storage,Baseline,4194304,AES-128-CBC+HMAC,RSA-2048,SHA-256,1750.64,0.578,,18.5,211.3,False,False,False,False
67,W1,W1 – Bulk Storage,Baseline,4194304,AES-128-CBC+HMAC,RSA-2048,SHA-256,1839.1,0.511,,17.8,212.0,False,False,False,False
68,W1,W1 – Bulk Storage,Baseline,4194304,AES-128-CBC+HMAC,RSA-2048,SHA-256,1829.18,0.513,,18.4,208.8,False,False,False,False
69,W1,W1 – Bulk Storage,Baseline,4194304,AES-128-CBC+HMAC,RSA-2048,SHA-256,1779.48,0.548,,17.9,209.0,False,False,False,False
70,W1,W1 – Bulk Storage,Baseline,4194304,AES-128-CBC+HMAC,RSA-2048,SHA-256,1857.08,0.493,,17.8,209.6,False,False,False,False
71,W1,W1 – Bulk Storage,Baseline,4194304,AES-128-CBC+HMAC,RSA-2048,SHA-256,1862.88,0.588,,18.1,210.0,False,False,False,False
72,W1,W1 – Bulk Storage,Baseline,4194304,AES-128-CBC+HMAC,RSA-2048,SHA-256,1766.21,0.539,,18.4,208.3,False,False,False,False
73,W1,W1 – Bulk Storage,Baseline,4194304,AES-128-CBC+HMAC,RSA-2048,SHA-256,1878.22,0.59,,18.4,211.4,False,False,False,False
74,W1,W1 – Bulk Storage,Baseline,4194304,AES-128-CBC+HMAC,RSA-2048,SHA-256,1810.47,0.547,,18.3,208.4,False,False,False,False
75,W1,W1 – Bulk Storage,Baseline,4194304,AES-128-CBC+HMAC,RSA-2048,SHA-256,1841.8,0.556,,18.7,214.5,False,False,False,False
76,W1,W1 – Bulk Storage,TACA,4194304,AES-256-GCM,ECDHE-P384,SHA-3-256,2529.89,0.4,,15.7,212.3,True,True,True,True
77,W1,W1 – Bulk Storage,TACA,4194304,AES-256-GCM,ECDHE-P384,SHA-3-256,2522.33,0.366,,14.5,212.4,True,True,True,True
78,W1,W1 – Bulk Storage,TACA,4194304,AES-256-GCM,ECDHE-P384,SHA-3-256,2625.7,0.388,,15.1,212.8,True,True,True,True
79,W1,W1 – Bulk Storage,TACA,4194304,AES-256-GCM,ECDHE-P384,SHA-3-256,2516.21,0.391,,15.5,216.5,True,True,True,True
80,W1,W1 – Bulk Storage,TACA,4194304,AES-256-GCM,ECDHE-P384,SHA-3-256,2561.02,0.341,,14.6,216.6,True,True,True,True
81,W1,W1 – Bulk Storage,TACA,4194304,AES-256-GCM,ECDHE-P384,SHA-3-256,2443.54,0.366,,14.7,213.0,True,True,True,True
82,W1,W1 – Bulk Storage,TACA,4194304,AES-256-GCM,ECDHE-P384,SHA-3-256,2675.03,0.356,,14.8,215.1,True,True,True,True
83,W1,W1 – Bulk Storage,TACA,4194304,AES-256-GCM,ECDHE-P384,SHA-3-256,2684.29,0.354,,15.3,214.7,True,True,True,True
84,W1,W1 – Bulk Storage,TACA,4194304,AES-256-GCM,ECDHE-P384,SHA-3-256,2531.86,0.415,,15.2,214.1,True,True,True,True
85,W1,W1 – Bulk Storage,TACA,4194304,AES-256-GCM,ECDHE-P384,SHA-3-256,2825.14,0.42,,15.1,215.4,True,True,True,True
86,W1,W1 – Bulk Storage,TACA,4194304,AES-256-GCM,ECDHE-P384,SHA-3-256,2752.89,0.358,,15.2,210.2,True,True,True,True
87,W1,W1 – Bulk Storage,TACA,4194304,AES-256-GCM,ECDHE-P384,SHA-3-256,2486.47,0.334,,15.0,217.2,True,True,True,True
88,W1,W1 – Bulk Storage,TACA,4194304,AES-256-GCM,ECDHE-P384,SHA-3-256,2617.74,0.417,,13.9,213.9,True,True,True,True
89,W1,W1 – Bulk Storage,TACA,4194304,AES-256-GCM,ECDHE-P384,SHA-3-256,2650.1,0.379,,14.7,211.2,True,True,True,True
90,W1,W1 – Bulk Storage,TACA,4194304,AES-256-GCM,ECDHE-P384,SHA-3-256,2679.91,0.388,,14.5,211.7,True,True,True,True
91,W1,W1 – Bulk Storage,TACA,4194304,AES-256-GCM,ECDHE-P384,SHA-3-256,2603.46,0.402,,14.9,212.9,True,True,True,True
92,W1,W1 – Bulk Storage,TACA,4194304,AES-256-GCM,ECDHE-P384,SHA-3-256,2527.22,0.378,,14.5,211.4,True,True,True,True
93,W1,W1 – Bulk Storage,TACA,4194304,AES-256-GCM,ECDHE-P384,SHA-3-256,2815.12,0.381,,14.8,213.8,True,True,True,True
94,W1,W1 – Bulk Storage,TACA,4194304,AES-256-GCM,ECDHE-P384,SHA-3-256,2586.93,0.394,,14.5,212.8,True,True,True,True
95,W1,W1 – Bulk Storage,TACA,4194304,AES-256-GCM,ECDHE-P384,SHA-3-256,2581.28,0.328,,15.3,217.5,True,True,True,True
96,W1,W1 – Bulk Storage,TACA,4194304,AES-256-GCM,ECDHE-P384,SHA-3-256,2584.0,0.393,,16.1,216.4,True,True,True,True
97,W1,W1 – Bulk Storage,TACA,4194304,AES-256-GCM,ECDHE-P384,SHA-3-256,2596.65,0.358,,14.8,212.4,True,True,True,True
98,W1,W1 – Bulk Storage,TACA,4194304,AES-256-GCM,ECDHE-P384,SHA-3-256,2461.52,0.365,,15.4,215.9,True,True,True,True
99,W1,W1 – Bulk Storage,TACA,4194304,AES-256-GCM,ECDHE-P384,SHA-3-256,2609.17,0.414,,14.3,217.3,True,True,True,True
100,W1,W1 – Bulk Storage,TACA,4194304,AES-256-GCM,ECDHE-P384,SHA-3-256,2666.26,0.356,,14.3,211.0,True,True,True,True
101,W1,W1 – Bulk Storage,TACA,4194304,AES-256-GCM,ECDHE-P384,SHA-3-256,2706.69,0.424,,14.9,212.6,True,True,True,True
102,W1,W1 – Bulk Storage,TACA,4194304,AES-256-GCM,ECDHE-P384,SHA-3-256,2559.14,0.366,,14.7,212.2,True,True,True,True
103,W1,W1 – Bulk Storage,TACA,4194304,AES-256-GCM,ECDHE-P384,SHA-3-256,2638.24,0.379,,14.3,212.8,True,True,True,True
104,W1,W1 – Bulk Storage,TACA,4194304,AES-256-GCM,ECDHE-P384,SHA-3-256,2688.86,0.391,,14.7,215.6,True,True,True,True
105,W1,W1 – Bulk Storage,TACA,4194304,AES-256-GCM,ECDHE-P384,SHA-3-256,2435.71,0.392,,15.0,212.4,True,True,True,True
106,W1,W1 – Bulk Storage,TACA,4194304,AES-256-GCM,ECDHE-P384,SHA-3-256,2421.57,0.343,,14.8,212.1,True,True,True,True
107,W1,W1 – Bulk Storage,TACA,4194304,AES-256-GCM,ECDHE-P384,SHA-3-256,2676.67,0.342,,14.2,212.6,True,True,True,True
108,W1,W1 – Bulk Storage,TACA,4194304,AES-256-GCM,ECDHE-P384,SHA-3-256,2614.95,0.36,,15.1,212.8,True,True,True,True
109,W1,W1 – Bulk Storage,TACA,4194304,AES-256-GCM,ECDHE-P384,SHA-3-256,2697.25,0.354,,15.3,208.7,True,True,True,True
110,W1,W1 – Bulk Storage,TACA,4194304,AES-256-GCM,ECDHE-P384,SHA-3-256,2526.8,0.393,,14.9,212.7,True,True,True,True
111,W1,W1 – Bulk Storage,TACA,4194304,AES-256-GCM,ECDHE-P384,SHA-3-256,2619.04,0.376,,14.8,214.7,True,True,True,True
112,W1,W1 – Bulk Storage,TACA,4194304,AES-256-GCM,ECDHE-P384,SHA-3-256,2567.0,0.369,,14.9,213.1,True,True,True,True
113,W1,W1 – Bulk Storage,TACA,4194304,AES-256-GCM,ECDHE-P384,SHA-3-256,2640.25,0.427,,14.6,216.6,True,True,True,True
114,W1,W1 – Bulk Storage,TACA,4194304,AES-256-GCM,ECDHE-P384,SHA-3-256,2567.4,0.334,,13.9,213.2,True,True,True,True
115,W1,W1 – Bulk Storage,TACA,4194304,AES-256-GCM,ECDHE-P384,SHA-3-256,2611.92,0.418,,14.6,215.8,True,True,True,True
116,W1,W1 – Bulk Storage,TACA,4194304,AES-256-GCM,ECDHE-P384,SHA-3-256,2379.16,0.385,,14.0,216.4,True,True,True,True
117,W1,W1 – Bulk Storage,TACA,4194304,AES-256-GCM,ECDHE-P384,SHA-3-256,2645.34,0.371,,15.7,214.4,True,True,True,True
118,W1,W1 – Bulk Storage,TACA,4194304,AES-256-GCM,ECDHE-P384,SHA-3-256,2635.91,0.37,,15.1,212.2,True,True,True,True
119,W1,W1 – Bulk Storage,TACA,4194304,AES-256-GCM,ECDHE-P384,SHA-3-256,2617.47,0.369,,14.8,216.2,True,True,True,True
120,W1,W1 – Bulk Storage,TACA,4194304,AES-256-GCM,ECDHE-P384,SHA-3-256,2556.75,0.374,,14.5,214.8,True,True,True,True
121,W1,W1 – Bulk Storage,TACA,4194304,AES-256-GCM,ECDHE-P384,SHA-3-256,2689.03,0.359,,15.3,214.9,True,True,True,True
122,W1,W1 – Bulk Storage,TACA,4194304,AES-256-GCM,ECDHE-P384,SHA-3-256,2805.94,0.362,,13.9,217.2,True,True,True,True
123,W1,W1 – Bulk Storage,TACA,4194304,AES-256-GCM,ECDHE-P384,SHA-3-256,2678.32,0.379,,14.2,219.2,True,True,True,True
124,W1,W1 – Bulk Storage,TACA,4194304,AES-256-GCM,ECDHE-P384,SHA-3-256,2623.49,0.382,,14.9,214.5,True,True,True,True
125,W1,W1 – Bulk Storage,TACA,4194304,AES-256-GCM,ECDHE-P384,SHA-3-256,2527.47,0.391,,15.3,217.4,True,True,True,True
126,W1,W1 – Bulk Storage,TACA,4194304,AES-256-GCM,ECDHE-P384,SHA-3-256,2556.63,0.357,,14.7,216.3,True,True,True,True
127,W1,W1 – Bulk Storage,TACA,4194304,AES-256-GCM,ECDHE-P384,SHA-3-256,2433.31,0.415,,14.5,211.8,True,True,True,True
128,W1,W1 – Bulk Storage,TACA,4194304,AES-256-GCM,ECDHE-P384,SHA-3-256,2437.23,0.399,,14.1,211.2,True,True,True,True
129,W1,W1 – Bulk Storage,TACA,4194304,AES-256-GCM,ECDHE-P384,SHA-3-256,2574.94,0.418,,14.0,213.5,True,True,True,True
130,W1,W1 – Bulk Storage,TACA,4194304,AES-256-GCM,ECDHE-P384,SHA-3-256,2581.53,0.319,,14.6,215.5,True,True,True,True
131,W1,W1 – Bulk Storage,TACA,4194304,AES-256-GCM,ECDHE-P384,SHA-3-256,2803.03,0.406,,14.2,219.5,True,True,True,True
132,W1,W1 – Bulk Storage,TACA,4194304,AES-256-GCM,ECDHE-P384,SHA-3-256,2616.18,0.38,,14.8,213.7,True,True,True,True
133,W1,W1 – Bulk Storage,TACA,4194304,AES-256-GCM,ECDHE-P384,SHA-3-256,2550.11,0.368,,14.5,212.5,True,True,True,True
134,W1,W1 – Bulk Storage,TACA,4194304,AES-256-GCM,ECDHE-P384,SHA-3-256,2621.11,0.374,,13.5,216.3,True,True,True,True
135,W1,W1 – Bulk Storage,TACA,4194304,AES-256-GCM,ECDHE-P384,SHA-3-256,2740.09,0.333,,14.5,211.0,True,True,True,True
136,W1,W1 – Bulk Storage,TACA,4194304,AES-256-GCM,ECDHE-P384,SHA-3-256,2528.8,0.355,,15.1,216.7,True,True,True,True
137,W1,W1 – Bulk Storage,TACA,4194304,AES-256-GCM,ECDHE-P384,SHA-3-256,2685.34,0.354,,14.9,211.4,True,True,True,True
138,W1,W1 – Bulk Storage,TACA,4194304,AES-256-GCM,ECDHE-P384,SHA-3-256,2684.44,0.375,,15.0,215.0,True,True,True,True
139,W1,W1 – Bulk Storage,TACA,4194304,AES-256-GCM,ECDHE-P384,SHA-3-256,2572.32,0.406,,15.0,215.3,True,True,True,True
140,W1,W1 – Bulk Storage,TACA,4194304,AES-256-GCM,ECDHE-P384,SHA-3-256,2577.68,0.387,,15.1,213.6,True,True,True,True
141,W1,W1 – Bulk Storage,TACA,4194304,AES-256-GCM,ECDHE-P384,SHA-3-256,2555.43,0.404,,14.1,210.7,True,True,True,True
142,W1,W1 – Bulk Storage,TACA,4194304,AES-256-GCM,ECDHE-P384,SHA-3-256,2673.27,0.351,,13.8,217.6,True,True,True,True
143,W1,W1 – Bulk Storage,TACA,4194304,AES-256-GCM,ECDHE-P384,SHA-3-256,2632.03,0.378,,14.9,213.9,True,True,True,True
144,W1,W1 – Bulk Storage,TACA,4194304,AES-256-GCM,ECDHE-P384,SHA-3-256,2725.18,0.383,,14.5,213.9,True,True,True,True
145,W1,W1 – Bulk Storage,TACA,4194304,AES-256-GCM,ECDHE-P384,SHA-3-256,2642.13,0.341,,15.0,214.4,True,True,True,True
146,W1,W1 – Bulk Storage,TACA,4194304,AES-256-GCM,ECDHE-P384,SHA-3-256,2590.79,0.38,,14.5,212.3,True,True,True,True
147,W1,W1 – Bulk Storage,TACA,4194304,AES-256-GCM,ECDHE-P384,SHA-3-256,2630.45,0.358,,13.9,216.2,True,True,True,True
148,W1,W1 – Bulk Storage,TACA,4194304,AES-256-GCM,ECDHE-P384,SHA-3-256,2659.34,0.386,,15.4,216.2,True,True,True,True
149,W1,W1 – Bulk Storage,TACA,4194304,AES-256-GCM,ECDHE-P384,SHA-3-256,2417.81,0.351,,14.7,215.1,True,True,True,True
150,W1,W1 – Bulk Storage,TACA,4194304,AES-256-GCM,ECDHE-P384,SHA-3-256,2534.23,0.384,,14.4,211.0,True,True,True,True
151,W2,W2 – API Traffic,Baseline,2048,AES-128-CBC+HMAC,RSA-2048,SHA-256,300.48,2.95,4565.8,42.8,126.8,False,False,False,False
152,W2,W2 – API Traffic,Baseline,2048,AES-128-CBC+HMAC,RSA-2048,SHA-256,344.85,3.305,4844.4,40.4,128.9,False,False,False,False
153,W2,W2 – API Traffic,Baseline,2048,AES-128-CBC+HMAC,RSA-2048,SHA-256,304.82,3.233,5414.4,41.4,129.5,False,False,False,False
154,W2,W2 – API Traffic,Baseline,2048,AES-128-CBC+HMAC,RSA-2048,SHA-256,303.22,3.203,5225.0,40.7,130.3,False,False,False,False
155,W2,W2 – API Traffic,Baseline,2048,AES-128-CBC+HMAC,RSA-2048,SHA-256,320.83,3.102,4951.8,42.7,128.8,False,False,False,False
156,W2,W2 – API Traffic,Baseline,2048,AES-128-CBC+HMAC,RSA-2048,SHA-256,292.4,3.07,4740.6,41.4,128.8,False,False,False,False
157,W2,W2 – API Traffic,Baseline,2048,AES-128-CBC+HMAC,RSA-2048,SHA-256,314.22,2.953,4891.2,42.3,128.7,False,False,False,False
158,W2,W2 – API Traffic,Baseline,2048,AES-128-CBC+HMAC,RSA-2048,SHA-256,325.49,3.371,4910.2,41.4,125.9,False,False,False,False
159,W2,W2 – API Traffic,Baseline,2048,AES-128-CBC+HMAC,RSA-2048,SHA-256,317.36,3.25,4865.2,39.9,126.6,False,False,False,False
160,W2,W2 – API Traffic,Baseline,2048,AES-128-CBC+HMAC,RSA-2048,SHA-256,325.14,3.202,4963.6,41.5,128.0,False,False,False,False
161,W2,W2 – API Traffic,Baseline,2048,AES-128-CBC+HMAC,RSA-2048,SHA-256,323.71,3.111,4823.1,40.9,127.4,False,False,False,False
162,W2,W2 – API Traffic,Baseline,2048,AES-128-CBC+HMAC,RSA-2048,SHA-256,308.14,3.253,4685.1,43.1,126.9,False,False,False,False
163,W2,W2 – API Traffic,Baseline,2048,AES-128-CBC+HMAC,RSA-2048,SHA-256,309.67,3.125,5147.3,41.7,129.3,False,False,False,False
164,W2,W2 – API Traffic,Baseline,2048,AES-128-CBC+HMAC,RSA-2048,SHA-256,293.46,3.261,5013.5,41.6,129.4,False,False,False,False
165,W2,W2 – API Traffic,Baseline,2048,AES-128-CBC+HMAC,RSA-2048,SHA-256,305.54,3.481,5351.7,41.0,127.4,False,False,False,False
166,W2,W2 – API Traffic,Baseline,2048,AES-128-CBC+HMAC,RSA-2048,SHA-256,330.14,3.514,4674.5,41.0,127.6,False,False,False,False
167,W2,W2 – API Traffic,Baseline,2048,AES-128-CBC+HMAC,RSA-2048,SHA-256,295.22,3.033,4559.0,40.5,128.0,False,False,False,False
168,W2,W2 – API Traffic,Baseline,2048,AES-128-CBC+HMAC,RSA-2048,SHA-256,314.92,3.509,4560.4,42.7,127.7,False,False,False,False
169,W2,W2 – API Traffic,Baseline,2048,AES-128-CBC+HMAC,RSA-2048,SHA-256,311.38,3.34,4530.5,42.0,128.2,False,False,False,False
170,W2,W2 – API Traffic,Baseline,2048,AES-128-CBC+HMAC,RSA-2048,SHA-256,318.15,3.266,5389.3,40.7,127.3,False,False,False,False
171,W2,W2 – API Traffic,Baseline,2048,AES-128-CBC+HMAC,RSA-2048,SHA-256,304.22,3.103,4647.0,43.0,129.8,False,False,False,False
172,W2,W2 – API Traffic,Baseline,2048,AES-128-CBC+HMAC,RSA-2048,SHA-256,304.88,3.05,4913.1,40.8,128.8,False,False,False,False
173,W2,W2 – API Traffic,Baseline,2048,AES-128-CBC+HMAC,RSA-2048,SHA-256,314.53,2.918,5171.4,43.7,127.2,False,False,False,False
174,W2,W2 – API Traffic,Baseline,2048,AES-128-CBC+HMAC,RSA-2048,SHA-256,307.16,3.265,4880.3,42.3,130.6,False,False,False,False
175,W2,W2 – API Traffic,Baseline,2048,AES-128-CBC+HMAC,RSA-2048,SHA-256,309.79,3.056,4469.0,40.6,128.0,False,False,False,False
176,W2,W2 – API Traffic,Baseline,2048,AES-128-CBC+HMAC,RSA-2048,SHA-256,334.4,3.11,4853.7,41.5,129.5,False,False,False,False
177,W2,W2 – API Traffic,Baseline,2048,AES-128-CBC+HMAC,RSA-2048,SHA-256,343.54,3.108,4682.5,42.8,128.9,False,False,False,False
178,W2,W2 – API Traffic,Baseline,2048,AES-128-CBC+HMAC,RSA-2048,SHA-256,335.05,3.322,4713.8,42.2,129.4,False,False,False,False
179,W2,W2 – API Traffic,Baseline,2048,AES-128-CBC+HMAC,RSA-2048,SHA-256,322.24,3.308,5056.0,43.0,129.8,False,False,False,False
180,W2,W2 – API Traffic,Baseline,2048,AES-128-CBC+HMAC,RSA-2048,SHA-256,320.1,3.178,4835.2,43.0,127.0,False,False,False,False
181,W2,W2 – API Traffic,Baseline,2048,AES-128-CBC+HMAC,RSA-2048,SHA-256,316.6,3.134,4806.9,43.1,128.2,False,False,False,False
182,W2,W2 – API Traffic,Baseline,2048,AES-128-CBC+HMAC,RSA-2048,SHA-256,312.58,2.948,4979.1,42.3,130.8,False,False,False,False
183,W2,W2 – API Traffic,Baseline,2048,AES-128-CBC+HMAC,RSA-2048,SHA-256,308.16,3.252,4859.9,43.5,127.9,False,False,False,False
184,W2,W2 – API Traffic,Baseline,2048,AES-128-CBC+HMAC,RSA-2048,SHA-256,315.48,3.327,4844.8,40.9,128.2,False,False,False,False
185,W2,W2 – API Traffic,Baseline,2048,AES-128-CBC+HMAC,RSA-2048,SHA-256,325.4,3.012,4831.9,40.6,129.5,False,False,False,False
186,W2,W2 – API Traffic,Baseline,2048,AES-128-CBC+HMAC,RSA-2048,SHA-256,292.99,3.102,4890.5,43.4,127.9,False,False,False,False
187,W2,W2 – API Traffic,Baseline,2048,AES-128-CBC+HMAC,RSA-2048,SHA-256,305.07,3.572,4452.5,38.8,128.6,False,False,False,False
188,W2,W2 – API Traffic,Baseline,2048,AES-128-CBC+HMAC,RSA-2048,SHA-256,305.73,3.013,4970.0,41.8,127.3,False,False,False,False
189,W2,W2 – API Traffic,Baseline,2048,AES-128-CBC+HMAC,RSA-2048,SHA-256,296.02,3.378,4956.0,41.4,130.4,False,False,False,False
190,W2,W2 – API Traffic,Baseline,2048,AES-128-CBC+HMAC,RSA-2048,SHA-256,298.65,2.916,4633.9,41.4,128.3,False,False,False,False
191,W2,W2 – API Traffic,Baseline,2048,AES-128-CBC+HMAC,RSA-2048,SHA-256,308.99,3.278,4499.6,43.3,127.9,False,False,False,False
192,W2,W2 – API Traffic,Baseline,2048,AES-128-CBC+HMAC,RSA-2048,SHA-256,325.94,3.276,4909.6,42.2,128.6,False,False,False,False
193,W2,W2 – API Traffic,Baseline,2048,AES-128-CBC+HMAC,RSA-2048,SHA-256,320.02,3.466,4847.2,42.4,127.9,False,False,False,False
194,W2,W2 – API Traffic,Baseline,2048,AES-128-CBC+HMAC,RSA-2048,SHA-256,329.97,3.08,5232.2,41.5,126.2,False,False,False,False
195,W2,W2 – API Traffic,Baseline,2048,AES-128-CBC+HMAC,RSA-2048,SHA-256,313.6,3.079,5001.8,40.7,127.4,False,False,False,False
196,W2,W2 – API Traffic,Baseline,2048,AES-128-CBC+HMAC,RSA-2048,SHA-256,288.42,3.123,4218.3,39.5,129.0,False,False,False,False
197,W2,W2 – API Traffic,Baseline,2048,AES-128-CBC+HMAC,RSA-2048,SHA-256,321.81,3.292,4567.9,41.4,128.0,False,False,False,False
198,W2,W2 – API Traffic,Baseline,2048,AES-128-CBC+HMAC,RSA-2048,SHA-256,297.54,3.5,5010.6,41.2,128.0,False,False,False,False
199,W2,W2 – API Traffic,Baseline,2048,AES-128-CBC+HMAC,RSA-2048,SHA-256,314.6,2.817,4740.7,40.7,126.7,False,False,False,False
200,W2,W2 – API Traffic,Baseline,2048,AES-128-CBC+HMAC,RSA-2048,SHA-256,308.49,3.556,4953.8,40.8,128.7,False,False,False,False
201,W2,W2 – API Traffic,Baseline,2048,AES-128-CBC+HMAC,RSA-2048,SHA-256,329.46,3.388,4814.3,40.7,128.9,False,False,False,False
202,W2,W2 – API Traffic,Baseline,2048,AES-128-CBC+HMAC,RSA-2048,SHA-256,316.91,3.382,4952.4,42.8,127.3,False,False,False,False
203,W2,W2 – API Traffic,Baseline,2048,AES-128-CBC+HMAC,RSA-2048,SHA-256,328.44,3.248,5298.1,40.6,130.2,False,False,False,False
204,W2,W2 – API Traffic,Baseline,2048,AES-128-CBC+HMAC,RSA-2048,SHA-256,314.47,3.085,4683.9,41.1,128.5,False,False,False,False
205,W2,W2 – API Traffic,Baseline,2048,AES-128-CBC+HMAC,RSA-2048,SHA-256,318.52,3.1,4794.2,44.2,130.2,False,False,False,False
206,W2,W2 – API Traffic,Baseline,2048,AES-128-CBC+HMAC,RSA-2048,SHA-256,317.45,3.217,4828.8,42.3,126.7,False,False,False,False
207,W2,W2 – API Traffic,Baseline,2048,AES-128-CBC+HMAC,RSA-2048,SHA-256,308.79,2.889,4895.8,42.3,127.4,False,False,False,False
208,W2,W2 – API Traffic,Baseline,2048,AES-128-CBC+HMAC,RSA-2048,SHA-256,331.64,2.974,4448.6,41.8,129.3,False,False,False,False
209,W2,W2 – API Traffic,Baseline,2048,AES-128-CBC+HMAC,RSA-2048,SHA-256,333.02,3.122,5058.9,41.5,127.8,False,False,False,False
210,W2,W2 – API Traffic,Baseline,2048,AES-128-CBC+HMAC,RSA-2048,SHA-256,323.03,3.336,4421.7,43.3,129.8,False,False,False,False
211,W2,W2 – API Traffic,Baseline,2048,AES-128-CBC+HMAC,RSA-2048,SHA-256,304.19,3.286,4918.6,41.8,127.3,False,False,False,False
212,W2,W2 – API Traffic,Baseline,2048,AES-128-CBC+HMAC,RSA-2048,SHA-256,303.62,3.205,5081.5,42.2,127.5,False,False,False,False
213,W2,W2 – API Traffic,Baseline,2048,AES-128-CBC+HMAC,RSA-2048,SHA-256,321.63,2.661,5075.7,39.3,127.5,False,False,False,False
214,W2,W2 – API Traffic,Baseline,2048,AES-128-CBC+HMAC,RSA-2048,SHA-256,298.03,2.961,5078.6,40.9,128.4,False,False,False,False
215,W2,W2 – API Traffic,Baseline,2048,AES-128-CBC+HMAC,RSA-2048,SHA-256,311.41,3.302,4818.4,39.9,129.3,False,False,False,False
216,W2,W2 – API Traffic,Baseline,2048,AES-128-CBC+HMAC,RSA-2048,SHA-256,305.84,2.91,4697.3,43.4,129.1,False,False,False,False
217,W2,W2 – API Traffic,Baseline,2048,AES-128-CBC+HMAC,RSA-2048,SHA-256,307.65,3.143,4722.8,44.1,128.5,False,False,False,False
218,W2,W2 – API Traffic,Baseline,2048,AES-128-CBC+HMAC,RSA-2048,SHA-256,317.37,3.408,4857.3,41.2,127.7,False,False,False,False
219,W2,W2 – API Traffic,Baseline,2048,AES-128-CBC+HMAC,RSA-2048,SHA-256,311.11,3.203,4974.6,41.6,128.9,False,False,False,False
220,W2,W2 – API Traffic,Baseline,2048,AES-128-CBC+HMAC,RSA-2048,SHA-256,310.99,3.225,4320.4,42.6,128.4,False,False,False,False
221,W2,W2 – API Traffic,Baseline,2048,AES-128-CBC+HMAC,RSA-2048,SHA-256,324.46,2.652,5301.2,41.3,129.4,False,False,False,False
222,W2,W2 – API Traffic,Baseline,2048,AES-128-CBC+HMAC,RSA-2048,SHA-256,299.02,3.328,4547.2,40.7,130.4,False,False,False,False
223,W2,W2 – API Traffic,Baseline,2048,AES-128-CBC+HMAC,RSA-2048,SHA-256,309.62,3.252,5008.8,42.1,128.2,False,False,False,False
224,W2,W2 – API Traffic,Baseline,2048,AES-128-CBC+HMAC,RSA-2048,SHA-256,316.55,3.673,4786.2,41.8,129.3,False,False,False,False
225,W2,W2 – API Traffic,Baseline,2048,AES-128-CBC+HMAC,RSA-2048,SHA-256,325.8,3.439,4953.3,40.1,130.1,False,False,False,False
226,W2,W2 – API Traffic,TACA,2048,AES-256-GCM,ECDHE-P384,SHA-3-256,371.16,2.108,8853.0,29.2,131.4,True,True,True,True
227,W2,W2 – API Traffic,TACA,2048,AES-256-GCM,ECDHE-P384,SHA-3-256,394.0,2.122,9942.3,29.7,130.7,True,True,True,True
228,W2,W2 – API Traffic,TACA,2048,AES-256-GCM,ECDHE-P384,SHA-3-256,404.0,2.218,8635.3,29.8,131.9,True,True,True,True
229,W2,W2 – API Traffic,TACA,2048,AES-256-GCM,ECDHE-P384,SHA-3-256,384.37,2.241,9131.0,29.4,130.8,True,True,True,True
230,W2,W2 – API Traffic,TACA,2048,AES-256-GCM,ECDHE-P384,SHA-3-256,389.24,1.934,8537.6,30.7,129.9,True,True,True,True
231,W2,W2 – API Traffic,TACA,2048,AES-256-GCM,ECDHE-P384,SHA-3-256,373.57,1.803,8906.1,28.1,133.2,True,True,True,True
232,W2,W2 – API Traffic,TACA,2048,AES-256-GCM,ECDHE-P384,SHA-3-256,404.71,1.985,10236.1,30.2,130.6,True,True,True,True
233,W2,W2 – API Traffic,TACA,2048,AES-256-GCM,ECDHE-P384,SHA-3-256,350.11,2.355,8560.8,27.9,132.3,True,True,True,True
234,W2,W2 – API Traffic,TACA,2048,AES-256-GCM,ECDHE-P384,SHA-3-256,426.96,2.242,9459.4,29.8,132.1,True,True,True,True
235,W2,W2 – API Traffic,TACA,2048,AES-256-GCM,ECDHE-P384,SHA-3-256,400.81,2.105,9247.9,29.2,130.0,True,True,True,True
236,W2,W2 – API Traffic,TACA,2048,AES-256-GCM,ECDHE-P384,SHA-3-256,384.63,1.86,9154.8,28.4,129.6,True,True,True,True
237,W2,W2 – API Traffic,TACA,2048,AES-256-GCM,ECDHE-P384,SHA-3-256,391.8,2.243,9622.4,27.9,129.7,True,True,True,True
238,W2,W2 – API Traffic,TACA,2048,AES-256-GCM,ECDHE-P384,SHA-3-256,403.64,1.948,9096.7,29.8,129.7,True,True,True,True
239,W2,W2 – API Traffic,TACA,2048,AES-256-GCM,ECDHE-P384,SHA-3-256,390.64,1.904,8923.4,29.6,128.9,True,True,True,True
240,W2,W2 – API Traffic,TACA,2048,AES-256-GCM,ECDHE-P384,SHA-3-256,395.85,2.068,9454.1,29.5,132.8,True,True,True,True
241,W2,W2 – API Traffic,TACA,2048,AES-256-GCM,ECDHE-P384,SHA-3-256,390.95,2.017,9256.3,29.8,131.1,True,True,True,True
242,W2,W2 – API Traffic,TACA,2048,AES-256-GCM,ECDHE-P384,SHA-3-256,389.63,1.983,8895.1,28.1,133.3,True,True,True,True
243,W2,W2 – API Traffic,TACA,2048,AES-256-GCM,ECDHE-P384,SHA-3-256,369.65,1.984,8869.5,30.1,130.6,True,True,True,True
244,W2,W2 – API Traffic,TACA,2048,AES-256-GCM,ECDHE-P384,SHA-3-256,408.41,1.986,9328.3,28.6,133.8,True,True,True,True
245,W2,W2 – API Traffic,TACA,2048,AES-256-GCM,ECDHE-P384,SHA-3-256,370.52,2.108,9491.5,29.7,130.8,True,True,True,True
246,W2,W2 – API Traffic,TACA,2048,AES-256-GCM,ECDHE-P384,SHA-3-256,386.98,2.075,9132.4,30.1,133.9,True,True,True,True
247,W2,W2 – API Traffic,TACA,2048,AES-256-GCM,ECDHE-P384,SHA-3-256,380.33,1.9,9159.4,31.6,129.9,True,True,True,True
248,W2,W2 – API Traffic,TACA,2048,AES-256-GCM,ECDHE-P384,SHA-3-256,414.5,2.278,8945.3,29.8,133.1,True,True,True,True
249,W2,W2 – API Traffic,TACA,2048,AES-256-GCM,ECDHE-P384,SHA-3-256,383.1,2.045,8932.4,28.4,130.1,True,True,True,True
250,W2,W2 – API Traffic,TACA,2048,AES-256-GCM,ECDHE-P384,SHA-3-256,369.96,2.074,8845.8,29.5,129.0,True,True,True,True
251,W2,W2 – API Traffic,TACA,2048,AES-256-GCM,ECDHE-P384,SHA-3-256,394.15,2.174,8282.9,29.6,132.6,True,True,True,True
252,W2,W2 – API Traffic,TACA,2048,AES-256-GCM,ECDHE-P384,SHA-3-256,370.18,2.278,9392.7,28.7,130.9,True,True,True,True
253,W2,W2 – API Traffic,TACA,2048,AES-256-GCM,ECDHE-P384,SHA-3-256,397.69,2.079,9447.8,28.5,131.2,True,True,True,True
254,W2,W2 – API Traffic,TACA,2048,AES-256-GCM,ECDHE-P384,SHA-3-256,367.0,2.056,8784.2,28.7,132.6,True,True,True,True
255,W2,W2 – API Traffic,TACA,2048,AES-256-GCM,ECDHE-P384,SHA-3-256,405.98,2.146,8697.5,29.0,132.6,True,True,True,True
256,W2,W2 – API Traffic,TACA,2048,AES-256-GCM,ECDHE-P384,SHA-3-256,391.21,2.358,9380.9,29.5,130.6,True,True,True,True
257,W2,W2 – API Traffic,TACA,2048,AES-256-GCM,ECDHE-P384,SHA-3-256,391.08,2.051,9525.7,30.1,130.0,True,True,True,True
258,W2,W2 – API Traffic,TACA,2048,AES-256-GCM,ECDHE-P384,SHA-3-256,368.29,1.842,9433.7,28.3,128.2,True,True,True,True
259,W2,W2 – API Traffic,TACA,2048,AES-256-GCM,ECDHE-P384,SHA-3-256,395.05,2.38,9197.2,30.0,131.1,True,True,True,True
260,W2,W2 – API Traffic,TACA,2048,AES-256-GCM,ECDHE-P384,SHA-3-256,387.46,2.184,9066.5,29.5,131.4,True,True,True,True
261,W2,W2 – API Traffic,TACA,2048,AES-256-GCM,ECDHE-P384,SHA-3-256,378.6,2.193,9119.5,28.6,131.7,True,True,True,True
262,W2,W2 – API Traffic,TACA,2048,AES-256-GCM,ECDHE-P384,SHA-3-256,375.02,2.074,9195.8,30.3,131.6,True,True,True,True
263,W2,W2 – API Traffic,TACA,2048,AES-256-GCM,ECDHE-P384,SHA-3-256,388.61,2.172,9839.5,29.8,131.0,True,True,True,True
264,W2,W2 – API Traffic,TACA,2048,AES-256-GCM,ECDHE-P384,SHA-3-256,368.59,1.938,9059.6,28.8,130.8,True,True,True,True
265,W2,W2 – API Traffic,TACA,2048,AES-256-GCM,ECDHE-P384,SHA-3-256,389.88,2.136,9167.6,29.7,131.1,True,True,True,True
266,W2,W2 – API Traffic,TACA,2048,AES-256-GCM,ECDHE-P384,SHA-3-256,358.26,1.953,9133.7,28.2,131.8,True,True,True,True
267,W2,W2 – API Traffic,TACA,2048,AES-256-GCM,ECDHE-P384,SHA-3-256,412.82,2.221,9101.8,30.6,131.2,True,True,True,True
268,W2,W2 – API Traffic,TACA,2048,AES-256-GCM,ECDHE-P384,SHA-3-256,383.75,1.994,9060.9,29.0,131.2,True,True,True,True
269,W2,W2 – API Traffic,TACA,2048,AES-256-GCM,ECDHE-P384,SHA-3-256,391.5,2.07,9401.0,30.3,132.2,True,True,True,True
270,W2,W2 – API Traffic,TACA,2048,AES-256-GCM,ECDHE-P384,SHA-3-256,365.89,1.753,9629.8,28.1,130.7,True,True,True,True
271,W2,W2 – API Traffic,TACA,2048,AES-256-GCM,ECDHE-P384,SHA-3-256,370.79,1.846,9449.1,30.0,130.2,True,True,True,True
272,W2,W2 – API Traffic,TACA,2048,AES-256-GCM,ECDHE-P384,SHA-3-256,348.68,2.002,9380.2,28.0,131.2,True,True,True,True
273,W2,W2 – API Traffic,TACA,2048,AES-256-GCM,ECDHE-P384,SHA-3-256,388.76,2.142,9255.0,28.4,132.6,True,True,True,True
274,W2,W2 – API Traffic,TACA,2048,AES-256-GCM,ECDHE-P384,SHA-3-256,386.53,2.067,8770.7,28.9,129.8,True,True,True,True
275,W2,W2 – API Traffic,TACA,2048,AES-256-GCM,ECDHE-P384,SHA-3-256,386.31,2.283,8568.9,27.9,132.9,True,True,True,True
276,W2,W2 – API Traffic,TACA,2048,AES-256-GCM,ECDHE-P384,SHA-3-256,385.74,1.987,9678.4,28.8,133.4,True,True,True,True
277,W2,W2 – API Traffic,TACA,2048,AES-256-GCM,ECDHE-P384,SHA-3-256,399.55,2.009,10192.4,28.8,132.0,True,True,True,True
278,W2,W2 – API Traffic,TACA,2048,AES-256-GCM,ECDHE-P384,SHA-3-256,393.66,2.232,9918.3,29.3,130.0,True,True,True,True
279,W2,W2 – API Traffic,TACA,2048,AES-256-GCM,ECDHE-P384,SHA-3-256,396.16,1.986,10126.2,29.4,130.5,True,True,True,True
280,W2,W2 – API Traffic,TACA,2048,AES-256-GCM,ECDHE-P384,SHA-3-256,391.87,1.903,8753.1,30.4,130.1,True,True,True,True
281,W2,W2 – API Traffic,TACA,2048,AES-256-GCM,ECDHE-P384,SHA-3-256,372.71,2.137,9745.4,29.9,132.3,True,True,True,True
282,W2,W2 – API Traffic,TACA,2048,AES-256-GCM,ECDHE-P384,SHA-3-256,377.22,1.893,9890.6,29.0,130.7,True,True,True,True
283,W2,W2 – API Traffic,TACA,2048,AES-256-GCM,ECDHE-P384,SHA-3-256,409.67,2.139,9409.7,31.2,130.2,True,True,True,True
284,W2,W2 – API Traffic,TACA,2048,AES-256-GCM,ECDHE-P384,SHA-3-256,403.44,2.077,9323.6,30.6,131.7,True,True,True,True
285,W2,W2 – API Traffic,TACA,2048,AES-256-GCM,ECDHE-P384,SHA-3-256,397.38,2.203,9032.1,28.6,129.6,True,True,True,True
286,W2,W2 – API Traffic,TACA,2048,AES-256-GCM,ECDHE-P384,SHA-3-256,358.4,2.325,8692.5,29.1,130.6,True,True,True,True
287,W2,W2 – API Traffic,TACA,2048,AES-256-GCM,ECDHE-P384,SHA-3-256,393.78,2.171,9595.8,28.8,130.8,True,True,True,True
288,W2,W2 – API Traffic,TACA,2048,AES-256-GCM,ECDHE-P384,SHA-3-256,393.4,2.039,9939.4,29.7,132.0,True,True,True,True
289,W2,W2 – API Traffic,TACA,2048,AES-256-GCM,ECDHE-P384,SHA-3-256,399.31,2.216,9283.3,28.2,131.5,True,True,True,True
290,W2,W2 – API Traffic,TACA,2048,AES-256-GCM,ECDHE-P384,SHA-3-256,378.86,2.004,9469.7,30.4,131.0,True,True,True,True
291,W2,W2 – API Traffic,TACA,2048,AES-256-GCM,ECDHE-P384,SHA-3-256,393.81,2.281,9310.7,31.6,131.7,True,True,True,True
292,W2,W2 – API Traffic,TACA,2048,AES-256-GCM,ECDHE-P384,SHA-3-256,361.6,2.164,9375.3,30.4,131.9,True,True,True,True
293,W2,W2 – API Traffic,TACA,2048,AES-256-GCM,ECDHE-P384,SHA-3-256,386.85,1.918,9103.8,28.6,130.2,True,True,True,True
294,W2,W2 – API Traffic,TACA,2048,AES-256-GCM,ECDHE-P384,SHA-3-256,398.16,2.277,9381.5,28.2,131.6,True,True,True,True
295,W2,W2 – API Traffic,TACA,2048,AES-256-GCM,ECDHE-P384,SHA-3-256,407.62,1.994,9138.4,29.3,130.0,True,True,True,True
296,W2,W2 – API Traffic,TACA,2048,AES-256-GCM,ECDHE-P384,SHA-3-256,399.09,2.055,9393.0,28.5,130.4,True,True,True,True
297,W2,W2 – API Traffic,TACA,2048,AES-256-GCM,ECDHE-P384,SHA-3-256,400.24,2.024,9994.4,28.9,131.3,True,True,True,True
298,W2,W2 – API Traffic,TACA,2048,AES-256-GCM,ECDHE-P384,SHA-3-256,403.51,1.894,8390.0,28.0,132.7,True,True,True,True
299,W2,W2 – API Traffic,TACA,2048,AES-256-GCM,ECDHE-P384,SHA-3-256,380.41,2.388,8940.4,29.5,133.0,True,True,True,True
300,W2,W2 – API Traffic,TACA,2048,AES-256-GCM,ECDHE-P384,SHA-3-256,420.21,2.326,9755.8,30.2,131.8,True,True,True,True
301,W3,W3 – Transactional,Baseline,512,AES-128-CBC+HMAC,RSA-2048,SHA-256,190.76,5.221,2973.2,55.8,174.7,False,False,False,False
302,W3,W3 – Transactional,Baseline,512,AES-128-CBC+HMAC,RSA-2048,SHA-256,181.65,5.626,3248.1,55.9,177.6,False,False,False,False
303,W3,W3 – Transactional,Baseline,512,AES-128-CBC+HMAC,RSA-2048,SHA-256,176.55,5.337,2988.9,52.7,174.9,False,False,False,False
304,W3,W3 – Transactional,Baseline,512,AES-128-CBC+HMAC,RSA-2048,SHA-256,184.1,5.89,3197.8,54.1,178.2,False,False,False,False
305,W3,W3 – Transactional,Baseline,512,AES-128-CBC+HMAC,RSA-2048,SHA-256,194.04,5.589,3064.9,54.2,174.3,False,False,False,False
306,W3,W3 – Transactional,Baseline,512,AES-128-CBC+HMAC,RSA-2048,SHA-256,193.06,6.011,3339.2,55.0,173.0,False,False,False,False
307,W3,W3 – Transactional,Baseline,512,AES-128-CBC+HMAC,RSA-2048,SHA-256,186.04,4.827,3150.1,55.6,174.2,False,False,False,False
308,W3,W3 – Transactional,Baseline,512,AES-128-CBC+HMAC,RSA-2048,SHA-256,173.2,5.566,3017.4,53.8,170.0,False,False,False,False
309,W3,W3 – Transactional,Baseline,512,AES-128-CBC+HMAC,RSA-2048,SHA-256,184.8,5.974,3357.5,55.0,173.9,False,False,False,False
310,W3,W3 – Transactional,Baseline,512,AES-128-CBC+HMAC,RSA-2048,SHA-256,188.47,5.077,3146.8,57.1,177.1,False,False,False,False
311,W3,W3 – Transactional,Baseline,512,AES-128-CBC+HMAC,RSA-2048,SHA-256,184.26,5.334,2963.9,54.4,174.6,False,False,False,False
312,W3,W3 – Transactional,Baseline,512,AES-128-CBC+HMAC,RSA-2048,SHA-256,187.72,5.696,2975.5,58.3,174.5,False,False,False,False
313,W3,W3 – Transactional,Baseline,512,AES-128-CBC+HMAC,RSA-2048,SHA-256,184.84,5.158,2724.2,57.3,176.3,False,False,False,False
314,W3,W3 – Transactional,Baseline,512,AES-128-CBC+HMAC,RSA-2048,SHA-256,182.92,5.422,3180.0,53.2,174.1,False,False,False,False
315,W3,W3 – Transactional,Baseline,512,AES-128-CBC+HMAC,RSA-2048,SHA-256,190.88,4.994,3145.5,53.5,175.8,False,False,False,False
316,W3,W3 – Transactional,Baseline,512,AES-128-CBC+HMAC,RSA-2048,SHA-256,184.74,4.877,3280.5,54.6,173.6,False,False,False,False
317,W3,W3 – Transactional,Baseline,512,AES-128-CBC+HMAC,RSA-2048,SHA-256,186.48,5.772,2942.5,55.9,175.8,False,False,False,False
318,W3,W3 – Transactional,Baseline,512,AES-128-CBC+HMAC,RSA-2048,SHA-256,190.13,5.457,3043.1,54.4,175.2,False,False,False,False
319,W3,W3 – Transactional,Baseline,512,AES-128-CBC+HMAC,RSA-2048,SHA-256,177.07,4.453,3167.7,57.3,170.9,False,False,False,False
320,W3,W3 – Transactional,Baseline,512,AES-128-CBC+HMAC,RSA-2048,SHA-256,177.53,5.601,3418.9,55.8,173.7,False,False,False,False
321,W3,W3 – Transactional,Baseline,512,AES-128-CBC+HMAC,RSA-2048,SHA-256,183.65,5.845,2999.9,54.5,174.2,False,False,False,False
322,W3,W3 – Transactional,Baseline,512,AES-128-CBC+HMAC,RSA-2048,SHA-256,177.95,5.44,3351.8,56.3,174.6,False,False,False,False
323,W3,W3 – Transactional,Baseline,512,AES-128-CBC+HMAC,RSA-2048,SHA-256,182.84,4.894,3236.9,55.7,174.7,False,False,False,False
324,W3,W3 – Transactional,Baseline,512,AES-128-CBC+HMAC,RSA-2048,SHA-256,208.63,5.497,2983.5,55.1,177.0,False,False,False,False
325,W3,W3 – Transactional,Baseline,512,AES-128-CBC+HMAC,RSA-2048,SHA-256,185.84,4.934,3242.5,54.7,178.3,False,False,False,False
326,W3,W3 – Transactional,Baseline,512,AES-128-CBC+HMAC,RSA-2048,SHA-256,192.99,5.255,3298.6,55.9,176.5,False,False,False,False
327,W3,W3 – Transactional,Baseline,512,AES-128-CBC+HMAC,RSA-2048,SHA-256,188.59,5.126,3000.2,57.5,174.4,False,False,False,False
328,W3,W3 – Transactional,Baseline,512,AES-128-CBC+HMAC,RSA-2048,SHA-256,182.01,5.091,3165.7,59.3,173.1,False,False,False,False
329,W3,W3 – Transactional,Baseline,512,AES-128-CBC+HMAC,RSA-2048,SHA-256,185.18,5.858,3087.7,56.6,173.1,False,False,False,False
330,W3,W3 – Transactional,Baseline,512,AES-128-CBC+HMAC,RSA-2048,SHA-256,188.17,5.339,3252.8,57.8,179.5,False,False,False,False
331,W3,W3 – Transactional,Baseline,512,AES-128-CBC+HMAC,RSA-2048,SHA-256,189.29,5.506,3130.1,55.2,175.6,False,False,False,False
332,W3,W3 – Transactional,Baseline,512,AES-128-CBC+HMAC,RSA-2048,SHA-256,182.81,5.455,3304.2,54.1,177.0,False,False,False,False
333,W3,W3 – Transactional,Baseline,512,AES-128-CBC+HMAC,RSA-2048,SHA-256,194.75,5.362,2771.1,54.8,177.3,False,False,False,False
334,W3,W3 – Transactional,Baseline,512,AES-128-CBC+HMAC,RSA-2048,SHA-256,184.83,5.076,3021.8,57.2,176.0,False,False,False,False
335,W3,W3 – Transactional,Baseline,512,AES-128-CBC+HMAC,RSA-2048,SHA-256,183.23,5.281,3039.3,54.3,177.8,False,False,False,False
336,W3,W3 – Transactional,Baseline,512,AES-128-CBC+HMAC,RSA-2048,SHA-256,182.61,5.794,3335.8,57.5,174.2,False,False,False,False
337,W3,W3 – Transactional,Baseline,512,AES-128-CBC+HMAC,RSA-2048,SHA-256,187.99,5.392,2959.9,56.3,172.9,False,False,False,False
338,W3,W3 – Transactional,Baseline,512,AES-128-CBC+HMAC,RSA-2048,SHA-256,193.79,5.249,3131.2,56.3,174.5,False,False,False,False
339,W3,W3 – Transactional,Baseline,512,AES-128-CBC+HMAC,RSA-2048,SHA-256,189.34,5.246,3235.1,53.5,175.2,False,False,False,False
340,W3,W3 – Transactional,Baseline,512,AES-128-CBC+HMAC,RSA-2048,SHA-256,199.35,5.076,2994.9,56.7,175.3,False,False,False,False
341,W3,W3 – Transactional,Baseline,512,AES-128-CBC+HMAC,RSA-2048,SHA-256,187.59,5.558,3198.4,57.7,175.7,False,False,False,False
342,W3,W3 – Transactional,Baseline,512,AES-128-CBC+HMAC,RSA-2048,SHA-256,183.21,5.618,3394.5,55.6,173.3,False,False,False,False
343,W3,W3 – Transactional,Baseline,512,AES-128-CBC+HMAC,RSA-2048,SHA-256,193.19,5.361,2763.2,57.2,174.1,False,False,False,False
344,W3,W3 – Transactional,Baseline,512,AES-128-CBC+HMAC,RSA-2048,SHA-256,184.33,5.508,3129.5,57.0,174.2,False,False,False,False
345,W3,W3 – Transactional,Baseline,512,AES-128-CBC+HMAC,RSA-2048,SHA-256,188.8,5.316,3214.5,56.8,173.4,False,False,False,False
346,W3,W3 – Transactional,Baseline,512,AES-128-CBC+HMAC,RSA-2048,SHA-256,193.04,5.226,3225.2,56.4,178.2,False,False,False,False
347,W3,W3 – Transactional,Baseline,512,AES-128-CBC+HMAC,RSA-2048,SHA-256,183.35,5.287,3097.0,55.3,176.4,False,False,False,False
348,W3,W3 – Transactional,Baseline,512,AES-128-CBC+HMAC,RSA-2048,SHA-256,173.04,5.059,2934.5,57.4,178.0,False,False,False,False
349,W3,W3 – Transactional,Baseline,512,AES-128-CBC+HMAC,RSA-2048,SHA-256,184.23,5.345,3110.9,57.7,173.4,False,False,False,False
350,W3,W3 – Transactional,Baseline,512,AES-128-CBC+HMAC,RSA-2048,SHA-256,186.76,5.716,3177.7,56.1,176.8,False,False,False,False
351,W3,W3 – Transactional,Baseline,512,AES-128-CBC+HMAC,RSA-2048,SHA-256,165.0,5.62,2998.6,52.7,175.9,False,False,False,False
352,W3,W3 – Transactional,Baseline,512,AES-128-CBC+HMAC,RSA-2048,SHA-256,195.17,5.355,3247.7,58.5,177.3,False,False,False,False
353,W3,W3 – Transactional,Baseline,512,AES-128-CBC+HMAC,RSA-2048,SHA-256,197.14,5.64,3111.7,53.1,174.6,False,False,False,False
354,W3,W3 – Transactional,Baseline,512,AES-128-CBC+HMAC,RSA-2048,SHA-256,178.76,6.103,3072.7,56.0,176.0,False,False,False,False
355,W3,W3 – Transactional,Baseline,512,AES-128-CBC+HMAC,RSA-2048,SHA-256,185.32,5.949,3003.5,56.1,173.7,False,False,False,False
356,W3,W3 – Transactional,Baseline,512,AES-128-CBC+HMAC,RSA-2048,SHA-256,175.23,5.202,3094.3,55.1,173.8,False,False,False,False
357,W3,W3 – Transactional,Baseline,512,AES-128-CBC+HMAC,RSA-2048,SHA-256,174.59,5.373,2866.8,57.1,175.1,False,False,False,False
358,W3,W3 – Transactional,Baseline,512,AES-128-CBC+HMAC,RSA-2048,SHA-256,174.21,5.3,2983.4,56.3,177.3,False,False,False,False
359,W3,W3 – Transactional,Baseline,512,AES-128-CBC+HMAC,RSA-2048,SHA-256,171.12,5.437,3075.2,56.9,175.4,False,False,False,False
360,W3,W3 – Transactional,Baseline,512,AES-128-CBC+HMAC,RSA-2048,SHA-256,179.44,5.297,2976.6,57.6,175.0,False,False,False,False
361,W3,W3 – Transactional,Baseline,512,AES-128-CBC+HMAC,RSA-2048,SHA-256,199.07,5.38,2990.2,53.3,171.8,False,False,False,False
362,W3,W3 – Transactional,Baseline,512,AES-128-CBC+HMAC,RSA-2048,SHA-256,173.28,5.487,3178.9,53.2,176.6,False,False,False,False
363,W3,W3 – Transactional,Baseline,512,AES-128-CBC+HMAC,RSA-2048,SHA-256,181.43,5.448,3349.9,57.3,174.5,False,False,False,False
364,W3,W3 – Transactional,Baseline,512,AES-128-CBC+HMAC,RSA-2048,SHA-256,178.41,4.703,2988.5,55.4,173.3,False,False,False,False
365,W3,W3 – Transactional,Baseline,512,AES-128-CBC+HMAC,RSA-2048,SHA-256,184.03,5.425,3065.1,54.7,175.3,False,False,False,False
366,W3,W3 – Transactional,Baseline,512,AES-128-CBC+HMAC,RSA-2048,SHA-256,188.27,5.047,3318.7,55.6,175.0,False,False,False,False
367,W3,W3 – Transactional,Baseline,512,AES-128-CBC+HMAC,RSA-2048,SHA-256,190.24,5.476,3247.7,56.3,173.9,False,False,False,False
368,W3,W3 – Transactional,Baseline,512,AES-128-CBC+HMAC,RSA-2048,SHA-256,187.68,5.029,3116.8,55.7,174.6,False,False,False,False
369,W3,W3 – Transactional,Baseline,512,AES-128-CBC+HMAC,RSA-2048,SHA-256,184.05,4.79,3014.9,56.0,175.3,False,False,False,False
370,W3,W3 – Transactional,Baseline,512,AES-128-CBC+HMAC,RSA-2048,SHA-256,177.4,5.81,2965.7,57.4,175.7,False,False,False,False
371,W3,W3 – Transactional,Baseline,512,AES-128-CBC+HMAC,RSA-2048,SHA-256,180.22,5.975,2915.0,57.3,176.8,False,False,False,False
372,W3,W3 – Transactional,Baseline,512,AES-128-CBC+HMAC,RSA-2048,SHA-256,180.04,5.851,3061.2,56.3,175.5,False,False,False,False
373,W3,W3 – Transactional,Baseline,512,AES-128-CBC+HMAC,RSA-2048,SHA-256,184.01,5.663,3223.0,52.9,177.3,False,False,False,False
374,W3,W3 – Transactional,Baseline,512,AES-128-CBC+HMAC,RSA-2048,SHA-256,172.7,5.735,3274.6,54.0,174.3,False,False,False,False
375,W3,W3 – Transactional,Baseline,512,AES-128-CBC+HMAC,RSA-2048,SHA-256,176.82,5.33,3052.3,57.1,177.3,False,False,False,False
376,W3,W3 – Transactional,TACA,512,AES-256-GCM,ECDHE-P384,SHA-3-256,254.45,3.759,6629.9,36.2,176.6,True,True,True,True
377,W3,W3 – Transactional,TACA,512,AES-256-GCM,ECDHE-P384,SHA-3-256,250.3,4.267,6286.5,37.4,178.0,True,True,True,True
378,W3,W3 – Transactional,TACA,512,AES-256-GCM,ECDHE-P384,SHA-3-256,243.7,3.701,6842.1,37.6,178.0,True,True,True,True
379,W3,W3 – Transactional,TACA,512,AES-256-GCM,ECDHE-P384,SHA-3-256,246.27,3.891,6553.8,38.0,177.8,True,True,True,True
380,W3,W3 – Transactional,TACA,512,AES-256-GCM,ECDHE-P384,SHA-3-256,237.43,3.83,7235.5,38.7,177.5,True,True,True,True
381,W3,W3 – Transactional,TACA,512,AES-256-GCM,ECDHE-P384,SHA-3-256,247.72,3.812,7093.0,38.5,177.8,True,True,True,True
382,W3,W3 – Transactional,TACA,512,AES-256-GCM,ECDHE-P384,SHA-3-256,245.32,3.523,6322.5,36.7,178.3,True,True,True,True
383,W3,W3 – Transactional,TACA,512,AES-256-GCM,ECDHE-P384,SHA-3-256,257.7,4.411,6913.7,38.7,174.8,True,True,True,True
384,W3,W3 – Transactional,TACA,512,AES-256-GCM,ECDHE-P384,SHA-3-256,235.77,3.706,6492.0,37.9,177.2,True,True,True,True
385,W3,W3 – Transactional,TACA,512,AES-256-GCM,ECDHE-P384,SHA-3-256,221.92,4.065,6340.6,38.4,181.7,True,True,True,True
386,W3,W3 – Transactional,TACA,512,AES-256-GCM,ECDHE-P384,SHA-3-256,232.14,3.299,6604.2,39.4,181.5,True,True,True,True
387,W3,W3 – Transactional,TACA,512,AES-256-GCM,ECDHE-P384,SHA-3-256,229.15,4.006,6544.1,38.0,182.7,True,True,True,True
388,W3,W3 – Transactional,TACA,512,AES-256-GCM,ECDHE-P384,SHA-3-256,226.51,3.949,6856.7,39.3,178.2,True,True,True,True
389,W3,W3 – Transactional,TACA,512,AES-256-GCM,ECDHE-P384,SHA-3-256,243.97,3.799,6790.2,37.7,179.1,True,True,True,True
390,W3,W3 – Transactional,TACA,512,AES-256-GCM,ECDHE-P384,SHA-3-256,237.44,3.978,6690.2,39.4,177.9,True,True,True,True
391,W3,W3 – Transactional,TACA,512,AES-256-GCM,ECDHE-P384,SHA-3-256,223.91,4.185,6396.6,37.4,176.9,True,True,True,True
392,W3,W3 – Transactional,TACA,512,AES-256-GCM,ECDHE-P384,SHA-3-256,254.25,3.392,7751.1,39.3,178.4,True,True,True,True
393,W3,W3 – Transactional,TACA,512,AES-256-GCM,ECDHE-P384,SHA-3-256,240.47,3.957,6874.6,38.8,179.0,True,True,True,True
394,W3,W3 – Transactional,TACA,512,AES-256-GCM,ECDHE-P384,SHA-3-256,241.86,3.844,6649.3,37.9,180.0,True,True,True,True
395,W3,W3 – Transactional,TACA,512,AES-256-GCM,ECDHE-P384,SHA-3-256,246.72,3.204,6919.7,38.3,178.0,True,True,True,True
396,W3,W3 – Transactional,TACA,512,AES-256-GCM,ECDHE-P384,SHA-3-256,237.25,4.152,7017.4,37.2,178.7,True,True,True,True
397,W3,W3 – Transactional,TACA,512,AES-256-GCM,ECDHE-P384,SHA-3-256,231.63,3.568,6490.0,39.1,179.7,True,True,True,True
398,W3,W3 – Transactional,TACA,512,AES-256-GCM,ECDHE-P384,SHA-3-256,245.95,4.059,6872.9,37.4,178.8,True,True,True,True
399,W3,W3 – Transactional,TACA,512,AES-256-GCM,ECDHE-P384,SHA-3-256,248.72,4.066,7098.3,38.9,178.6,True,True,True,True
400,W3,W3 – Transactional,TACA,512,AES-256-GCM,ECDHE-P384,SHA-3-256,251.32,3.884,6404.6,37.9,176.7,True,True,True,True
401,W3,W3 – Transactional,TACA,512,AES-256-GCM,ECDHE-P384,SHA-3-256,234.49,3.856,6434.5,37.7,174.6,True,True,True,True
402,W3,W3 – Transactional,TACA,512,AES-256-GCM,ECDHE-P384,SHA-3-256,243.06,3.89,6426.3,38.9,179.7,True,True,True,True
403,W3,W3 – Transactional,TACA,512,AES-256-GCM,ECDHE-P384,SHA-3-256,225.5,3.712,6442.3,37.0,179.5,True,True,True,True
404,W3,W3 – Transactional,TACA,512,AES-256-GCM,ECDHE-P384,SHA-3-256,239.13,3.828,6028.7,38.8,175.8,True,True,True,True
405,W3,W3 – Transactional,TACA,512,AES-256-GCM,ECDHE-P384,SHA-3-256,241.58,3.955,7155.8,36.6,172.6,True,True,True,True
406,W3,W3 – Transactional,TACA,512,AES-256-GCM,ECDHE-P384,SHA-3-256,242.77,4.31,7115.0,38.3,177.1,True,True,True,True
407,W3,W3 – Transactional,TACA,512,AES-256-GCM,ECDHE-P384,SHA-3-256,248.78,3.663,6859.6,38.7,179.9,True,True,True,True
408,W3,W3 – Transactional,TACA,512,AES-256-GCM,ECDHE-P384,SHA-3-256,267.6,3.982,6529.5,38.1,174.9,True,True,True,True
409,W3,W3 – Transactional,TACA,512,AES-256-GCM,ECDHE-P384,SHA-3-256,234.3,3.794,6524.4,38.3,176.5,True,True,True,True
410,W3,W3 – Transactional,TACA,512,AES-256-GCM,ECDHE-P384,SHA-3-256,251.81,3.89,6696.9,37.7,178.3,True,True,True,True
411,W3,W3 – Transactional,TACA,512,AES-256-GCM,ECDHE-P384,SHA-3-256,248.95,3.688,6479.5,37.8,175.6,True,True,True,True
412,W3,W3 – Transactional,TACA,512,AES-256-GCM,ECDHE-P384,SHA-3-256,233.1,3.779,6992.9,38.4,178.3,True,True,True,True
413,W3,W3 – Transactional,TACA,512,AES-256-GCM,ECDHE-P384,SHA-3-256,249.2,3.858,6830.8,38.0,178.5,True,True,True,True
414,W3,W3 – Transactional,TACA,512,AES-256-GCM,ECDHE-P384,SHA-3-256,235.38,3.321,6655.0,39.7,179.6,True,True,True,True
415,W3,W3 – Transactional,TACA,512,AES-256-GCM,ECDHE-P384,SHA-3-256,250.31,4.179,6729.7,38.3,176.9,True,True,True,True
416,W3,W3 – Transactional,TACA,512,AES-256-GCM,ECDHE-P384,SHA-3-256,237.95,4.034,7103.3,37.9,177.2,True,True,True,True
417,W3,W3 – Transactional,TACA,512,AES-256-GCM,ECDHE-P384,SHA-3-256,241.01,4.03,6216.3,35.5,177.0,True,True,True,True
418,W3,W3 – Transactional,TACA,512,AES-256-GCM,ECDHE-P384,SHA-3-256,229.23,3.771,6650.5,37.6,180.6,True,True,True,True
419,W3,W3 – Transactional,TACA,512,AES-256-GCM,ECDHE-P384,SHA-3-256,244.15,3.96,6908.4,36.8,179.8,True,True,True,True
420,W3,W3 – Transactional,TACA,512,AES-256-GCM,ECDHE-P384,SHA-3-256,240.27,4.046,6340.9,36.3,179.5,True,True,True,True
421,W3,W3 – Transactional,TACA,512,AES-256-GCM,ECDHE-P384,SHA-3-256,244.63,3.679,6408.7,39.4,175.9,True,True,True,True
422,W3,W3 – Transactional,TACA,512,AES-256-GCM,ECDHE-P384,SHA-3-256,256.84,3.68,6913.9,37.7,179.1,True,True,True,True
423,W3,W3 – Transactional,TACA,512,AES-256-GCM,ECDHE-P384,SHA-3-256,235.75,3.852,6713.7,37.0,179.3,True,True,True,True
424,W3,W3 – Transactional,TACA,512,AES-256-GCM,ECDHE-P384,SHA-3-256,236.05,3.837,6366.9,35.2,177.7,True,True,True,True
425,W3,W3 – Transactional,TACA,512,AES-256-GCM,ECDHE-P384,SHA-3-256,264.26,4.073,6693.5,37.8,178.0,True,True,True,True
426,W3,W3 – Transactional,TACA,512,AES-256-GCM,ECDHE-P384,SHA-3-256,246.27,3.614,7073.3,38.9,179.3,True,True,True,True
427,W3,W3 – Transactional,TACA,512,AES-256-GCM,ECDHE-P384,SHA-3-256,245.23,3.895,6925.4,38.8,177.4,True,True,True,True
428,W3,W3 – Transactional,TACA,512,AES-256-GCM,ECDHE-P384,SHA-3-256,235.47,3.914,7218.9,36.7,175.4,True,True,True,True
429,W3,W3 – Transactional,TACA,512,AES-256-GCM,ECDHE-P384,SHA-3-256,242.59,3.902,6758.1,38.4,177.6,True,True,True,True
430,W3,W3 – Transactional,TACA,512,AES-256-GCM,ECDHE-P384,SHA-3-256,255.36,3.516,6422.5,38.0,175.1,True,True,True,True
431,W3,W3 – Transactional,TACA,512,AES-256-GCM,ECDHE-P384,SHA-3-256,239.3,4.278,6707.0,38.4,175.8,True,True,True,True
432,W3,W3 – Transactional,TACA,512,AES-256-GCM,ECDHE-P384,SHA-3-256,235.06,3.802,6593.6,39.6,179.0,True,True,True,True
433,W3,W3 – Transactional,TACA,512,AES-256-GCM,ECDHE-P384,SHA-3-256,230.29,3.948,6866.9,39.4,180.8,True,True,True,True
434,W3,W3 – Transactional,TACA,512,AES-256-GCM,ECDHE-P384,SHA-3-256,231.21,3.701,6278.7,37.8,178.8,True,True,True,True
435,W3,W3 – Transactional,TACA,512,AES-256-GCM,ECDHE-P384,SHA-3-256,250.52,3.872,6592.9,38.3,176.5,True,True,True,True
436,W3,W3 – Transactional,TACA,512,AES-256-GCM,ECDHE-P384,SHA-3-256,261.14,3.515,6761.9,40.4,178.0,True,True,True,True
437,W3,W3 – Transactional,TACA,512,AES-256-GCM,ECDHE-P384,SHA-3-256,239.17,3.807,6639.6,39.7,174.1,True,True,True,True
438,W3,W3 – Transactional,TACA,512,AES-256-GCM,ECDHE-P384,SHA-3-256,255.78,3.558,6610.7,37.6,179.0,True,True,True,True
439,W3,W3 – Transactional,TACA,512,AES-256-GCM,ECDHE-P384,SHA-3-256,225.59,3.998,7378.1,36.5,178.3,True,True,True,True
440,W3,W3 – Transactional,TACA,512,AES-256-GCM,ECDHE-P384,SHA-3-256,234.62,3.989,6706.4,37.4,178.9,True,True,True,True
441,W3,W3 – Transactional,TACA,512,AES-256-GCM,ECDHE-P384,SHA-3-256,258.39,3.845,6941.1,36.6,176.3,True,True,True,True
442,W3,W3 – Transactional,TACA,512,AES-256-GCM,ECDHE-P384,SHA-3-256,245.55,4.236,6819.1,37.7,178.0,True,True,True,True
443,W3,W3 – Transactional,TACA,512,AES-256-GCM,ECDHE-P384,SHA-3-256,228.95,4.031,6995.6,37.6,177.2,True,True,True,True
444,W3,W3 – Transactional,TACA,512,AES-256-GCM,ECDHE-P384,SHA-3-256,243.56,3.788,6677.8,40.5,177.6,True,True,True,True
445,W3,W3 – Transactional,TACA,512,AES-256-GCM,ECDHE-P384,SHA-3-256,237.55,3.739,6949.3,37.9,176.8,True,True,True,True
446,W3,W3 – Transactional,TACA,512,AES-256-GCM,ECDHE-P384,SHA-3-256,253.74,4.221,6498.9,36.0,179.8,True,True,True,True
447,W3,W3 – Transactional,TACA,512,AES-256-GCM,ECDHE-P384,SHA-3-256,234.4,4.075,6040.0,39.1,175.8,True,True,True,True
448,W3,W3 – Transactional,TACA,512,AES-256-GCM,ECDHE-P384,SHA-3-256,248.04,3.893,6380.4,37.6,179.2,True,True,True,True
449,W3,W3 – Transactional,TACA,512,AES-256-GCM,ECDHE-P384,SHA-3-256,242.02,4.026,7362.1,36.3,180.9,True,True,True,True
450,W3,W3 – Transactional,TACA,512,AES-256-GCM,ECDHE-P384,SHA-3-256,242.01,3.68,6254.3,37.9,179.6,True,True,True,True
